kernel,scalar,a_mode,x_mode,M,N,k,P,pr,pc,rep,t_bcast_s,t_local_s,t_reduce_s,t_total_s,t_official_s,t_kernel_s,t_transfer_runtime_overhead_s,gflops,gflops_compute,gflops_kernel,t_h2d_X_s,t_d2h_Y_s,t_launch_overhead_s,x_layout,group_timing,t_local_group_s,gflops_local_group
cuda_warp(blk128)(xcol),double,global,global,16384,16384,3,1,1,1,1,1.970000003e-07,5.639313000e-03,4.671800000e-05,5.686228000e-03,5.453699058e-03,5.406784058e-03,2.325289424e-04,295.324828,297.887380,297.887380,1.209599972e-04,1.013439968e-04,1.022494838e-05,column,0,-1.000000000e+00,-1.000000
cuda_warp(blk128)(xcol),double,global,global,16384,16384,3,1,1,1,2,2.339999998e-07,5.636776000e-03,4.602600000e-05,5.683036000e-03,5.450867773e-03,5.404607773e-03,2.321682272e-04,295.478225,298.007331,298.007331,1.204800010e-04,1.007679999e-04,1.092022631e-05,column,0,-1.000000000e+00,-1.000000
cuda_warp(blk128)(xcol),double,global,global,16384,16384,3,1,1,1,3,1.099999998e-07,5.637043000e-03,4.782200000e-05,5.684975000e-03,5.454684110e-03,5.406752110e-03,2.302908905e-04,295.271496,297.889140,297.889140,1.196480021e-04,1.010880023e-04,9.554886060e-06,column,0,-1.000000000e+00,-1.000000
cuda_warp(blk128)(xcol),double,global,global,16384,16384,3,1,1,1,4,1.579999998e-07,5.637381000e-03,4.668300000e-05,5.684222000e-03,5.453241204e-03,5.406400204e-03,2.309807963e-04,295.349623,297.908530,297.908530,1.204160005e-04,1.003199965e-04,1.024479933e-05,column,0,-1.000000000e+00,-1.000000
cuda_warp(blk128)(xcol),double,global,global,16384,16384,3,1,1,1,5,1.579999998e-07,5.583295000e-03,4.901600000e-05,5.632469000e-03,5.404150177e-03,5.354976177e-03,2.283188228e-04,298.032564,300.769356,300.769356,1.193920001e-04,9.888000041e-05,1.004682223e-05,column,0,-1.000000000e+00,-1.000000
cuda_warp(blk128)(xcol),double,global,global,16384,16384,3,1,1,1,6,1.289999996e-07,5.567491000e-03,5.920300000e-05,5.626823000e-03,5.393540012e-03,5.334208012e-03,2.332829884e-04,298.618854,301.940369,301.940369,1.198719963e-04,1.038080007e-04,9.602991346e-06,column,0,-1.000000000e+00,-1.000000
cuda_warp(blk128)(xcol),double,global,global,16384,16384,3,1,1,1,7,1.300000001e-07,5.557290000e-03,4.636200000e-05,5.603782000e-03,5.374108215e-03,5.327616215e-03,2.296737852e-04,299.698605,302.313956,302.313956,1.214720011e-04,9.731200337e-05,1.088978080e-05,column,0,-1.000000000e+00,-1.000000
cuda_warp(blk128)(xcol),double,global,global,16384,16384,3,1,1,1,8,1.630000002e-07,5.569075000e-03,4.621800000e-05,5.615456000e-03,5.373517040e-03,5.327136040e-03,2.419389603e-04,299.731577,302.341206,302.341206,1.195520014e-04,1.123199984e-04,1.006696047e-05,column,0,-1.000000000e+00,-1.000000
cuda_warp(blk128)(xcol),double,global,global,16384,16384,3,1,1,1,9,2.339999998e-07,7.733682000e-03,5.729100000e-05,7.791207000e-03,5.395541033e-03,5.338016033e-03,2.395665967e-03,298.508106,301.724972,301.724972,1.198400036e-04,2.265952110e-03,9.873852987e-06,column,0,-1.000000000e+00,-1.000000
cuda_warp(blk128)(xcol),double,global,global,16384,16384,3,1,1,1,10,1.889999997e-07,5.558065000e-03,4.599900000e-05,5.604253000e-03,5.375052098e-03,5.328864098e-03,2.292009024e-04,299.645977,302.243162,302.243162,1.218559965e-04,9.612800181e-05,1.121690405e-05,column,0,-1.000000000e+00,-1.000000
cuda_warp(blk128)(xcol),double,global,global,16384,16384,3,1,1,1,11,1.970000003e-07,5.555807000e-03,4.595300000e-05,5.601957000e-03,5.377606184e-03,5.331456184e-03,2.243508156e-04,299.503660,302.096215,302.096215,1.197120026e-04,9.487999976e-05,9.758813280e-06,column,0,-1.000000000e+00,-1.000000
cuda_warp(blk128)(xcol),double,global,global,16384,16384,3,1,1,1,12,2.099999996e-07,5.555409000e-03,4.603200000e-05,5.601651000e-03,5.373185874e-03,5.326943874e-03,2.284651256e-04,299.750050,302.352113,302.352113,1.201919988e-04,9.772799909e-05,1.054512777e-05,column,0,-1.000000000e+00,-1.000000
cuda_warp(blk128)(xcol),double,global,global,16384,16384,3,1,1,1,13,1.840000001e-07,5.563973000e-03,4.575100000e-05,5.609908000e-03,5.382415141e-03,5.336480141e-03,2.274928593e-04,299.236067,301.811811,301.811811,1.188800037e-04,9.852799773e-05,1.008485789e-05,column,0,-1.000000000e+00,-1.000000
cuda_warp(blk128)(xcol),double,global,global,16384,16384,3,1,1,1,14,2.280000002e-07,5.560406000e-03,4.554300000e-05,5.606177000e-03,5.373675224e-03,5.327904224e-03,2.325017756e-04,299.722754,302.297614,302.297614,1.200959980e-04,9.775999933e-05,1.464577822e-05,column,0,-1.000000000e+00,-1.000000
cuda_warp(blk128)(xcol),double,global,global,16384,16384,3,1,1,1,15,2.139999999e-07,5.562297000e-03,4.579300000e-05,5.608304000e-03,5.379350983e-03,5.333343983e-03,2.289530173e-04,299.406516,301.989285,301.989285,1.190079972e-04,1.008000001e-04,9.145019958e-06,column,0,-1.000000000e+00,-1.000000
cuda_warp(blk128)(xcol),double,global,global,16384,16384,3,1,1,1,16,2.000000001e-07,5.563884000e-03,4.493400000e-05,5.609018000e-03,5.380206041e-03,5.335072041e-03,2.288119594e-04,299.358932,301.891469,301.891469,1.191359982e-04,9.935999662e-05,1.031596464e-05,column,0,-1.000000000e+00,-1.000000
cuda_warp(blk128)(xcol),double,global,global,16384,16384,3,1,1,1,17,2.079999999e-07,5.556461000e-03,4.494600000e-05,5.601615000e-03,5.372033978e-03,5.326879978e-03,2.295810218e-04,299.814324,302.355740,302.355740,1.195520014e-04,1.001280025e-04,9.901017999e-06,column,0,-1.000000000e+00,-1.000000
cuda_warp(blk128)(xcol),double,global,global,16384,16384,3,1,1,1,18,1.869999999e-07,5.547374000e-03,4.585800000e-05,5.593419000e-03,5.370108778e-03,5.324063778e-03,2.233102221e-04,299.921808,302.515673,302.515673,1.193279997e-04,9.414400160e-05,9.838220822e-06,column,0,-1.000000000e+00,-1.000000
cuda_warp(blk128)(xcol),double,global,global,16384,16384,3,1,1,1,19,1.790000002e-07,5.560660000e-03,4.578500000e-05,5.606624000e-03,5.380172012e-03,5.334208012e-03,2.264519884e-04,299.360826,301.940369,301.940369,1.186560020e-04,9.808000177e-05,9.715984616e-06,column,0,-1.000000000e+00,-1.000000
cuda_warp(blk128)(xcol),double,global,global,16384,16384,3,1,1,1,20,1.889999997e-07,5.555765000e-03,4.570500000e-05,5.601659000e-03,5.373061988e-03,5.327167988e-03,2.285970122e-04,299.756962,302.339393,302.339393,1.197120026e-04,9.884800017e-05,1.003700943e-05,column,0,-1.000000000e+00,-1.000000
cuda_warp(blk128)(xcol),double,global,global,16384,16384,6,1,1,1,1,1.830000000e-07,1.120984200e-02,1.160140000e-04,1.132603900e-02,1.088787688e-02,1.077167988e-02,4.381621218e-04,295.854326,299.045786,299.045786,2.314240038e-04,1.959999949e-04,1.073812305e-05,column,0,-1.000000000e+00,-1.000000
cuda_warp(blk128)(xcol),double,global,global,16384,16384,6,1,1,1,2,2.299999995e-07,1.121229100e-02,1.044070000e-04,1.131692800e-02,1.087900529e-02,1.077436829e-02,4.379227139e-04,296.095588,298.971168,298.971168,2.335039973e-04,1.931200027e-04,1.129871379e-05,column,0,-1.000000000e+00,-1.000000
cuda_warp(blk128)(xcol),double,global,global,16384,16384,6,1,1,1,3,1.489999999e-07,1.121279400e-02,1.220860000e-04,1.133502900e-02,1.089852303e-02,1.077628803e-02,4.365059675e-04,295.565322,298.917908,298.917908,2.336000055e-04,1.918080002e-04,1.109796175e-05,column,0,-1.000000000e+00,-1.000000
cuda_warp(blk128)(xcol),double,global,global,16384,16384,6,1,1,1,4,1.109999999e-07,1.119042600e-02,1.190930000e-04,1.130963000e-02,1.084979577e-02,1.073059177e-02,4.598342260e-04,296.892729,300.190851,300.190851,2.338559926e-04,2.146240026e-04,1.135423088e-05,column,0,-1.000000000e+00,-1.000000
cuda_warp(blk128)(xcol),double,global,global,16384,16384,6,1,1,1,5,1.500000000e-07,1.111716100e-02,1.029560000e-04,1.122026700e-02,1.079411361e-02,1.069100761e-02,4.261533859e-04,298.424270,301.302327,301.302327,2.322240025e-04,1.831360012e-04,1.079338215e-05,column,0,-1.000000000e+00,-1.000000
cuda_warp(blk128)(xcol),double,global,global,16384,16384,6,1,1,1,6,9.600000039e-08,1.112903700e-02,1.119700000e-04,1.124110300e-02,1.079459354e-02,1.068252754e-02,4.465094579e-04,298.411002,301.541509,301.541509,2.341759950e-04,2.017920017e-04,1.054146117e-05,column,0,-1.000000000e+00,-1.000000
cuda_warp(blk128)(xcol),double,global,global,16384,16384,6,1,1,1,7,1.799999998e-07,1.111568200e-02,1.065760000e-04,1.122243800e-02,1.078890017e-02,1.068214417e-02,4.335378350e-04,298.568475,301.552331,301.552331,2.379200011e-04,1.854079962e-04,1.020983763e-05,column,0,-1.000000000e+00,-1.000000
cuda_warp(blk128)(xcol),double,global,global,16384,16384,6,1,1,1,8,1.410000001e-07,1.110646600e-02,9.828400000e-05,1.120489100e-02,1.078277692e-02,1.068435192e-02,4.221140789e-04,298.738024,301.490020,301.490020,2.329600006e-04,1.778559983e-04,1.129808001e-05,column,0,-1.000000000e+00,-1.000000
cuda_warp(blk128)(xcol),double,global,global,16384,16384,6,1,1,1,9,1.199999997e-07,1.110341300e-02,9.613500000e-05,1.119966800e-02,1.078057545e-02,1.068432045e-02,4.190925502e-04,298.799029,301.490908,301.490908,2.316800058e-04,1.760960072e-04,1.131653715e-05,column,0,-1.000000000e+00,-1.000000
cuda_warp(blk128)(xcol),double,global,global,16384,16384,6,1,1,1,10,1.550000004e-07,1.110308000e-02,9.449700000e-05,1.119773200e-02,1.078089220e-02,1.068624020e-02,4.168398038e-04,298.790250,301.436746,301.436746,2.328640074e-04,1.731200069e-04,1.085578950e-05,column,0,-1.000000000e+00,-1.000000
cuda_warp(blk128)(xcol),double,global,global,16384,16384,6,1,1,1,11,1.300000001e-07,1.231286400e-02,1.017930000e-04,1.241478700e-02,1.078704263e-02,1.068511963e-02,1.627744371e-03,298.619889,301.468358,301.468358,2.324160039e-04,1.383679986e-03,1.164838115e-05,column,0,-1.000000000e+00,-1.000000
cuda_warp(blk128)(xcol),double,global,global,16384,16384,6,1,1,1,12,1.870000004e-07,1.112993300e-02,1.206290000e-04,1.125074900e-02,1.080267216e-02,1.068185616e-02,4.480768446e-04,298.187840,301.560462,301.560462,2.346560061e-04,2.016000003e-04,1.182083824e-05,column,0,-1.000000000e+00,-1.000000
cuda_warp(blk128)(xcol),double,global,global,16384,16384,6,1,1,1,13,1.820000000e-07,9.959172000e-03,1.191160000e-04,1.007847000e-02,9.624546070e-03,9.505248070e-03,4.539239302e-04,334.688561,338.889153,338.889153,2.314880043e-04,2.119359970e-04,1.049992890e-05,column,0,-1.000000000e+00,-1.000000
cuda_warp(blk128)(xcol),double,global,global,16384,16384,6,1,1,1,14,1.830000000e-07,9.830899000e-03,1.028060000e-04,9.933888000e-03,9.482573312e-03,9.379584312e-03,4.513146876e-04,339.699506,343.429449,343.429449,2.325119972e-04,2.092159986e-04,9.586691689e-06,column,0,-1.000000000e+00,-1.000000
cuda_warp(blk128)(xcol),double,global,global,16384,16384,6,1,1,1,15,1.769999995e-07,9.825190000e-03,1.066340000e-04,9.932001000e-03,9.480378581e-03,9.373567581e-03,4.516224188e-04,339.778148,343.649890,343.649890,2.332160026e-04,2.080959976e-04,1.031041867e-05,column,0,-1.000000000e+00,-1.000000
cuda_warp(blk128)(xcol),double,global,global,16384,16384,6,1,1,1,16,2.189999999e-07,9.814748000e-03,9.666200000e-05,9.911629000e-03,9.465745059e-03,9.368864059e-03,4.458839406e-04,340.303426,343.822416,343.822416,2.325440049e-04,2.031040043e-04,1.023593137e-05,column,0,-1.000000000e+00,-1.000000
cuda_warp(blk128)(xcol),double,global,global,16384,16384,6,1,1,1,17,1.680000001e-07,9.748416000e-03,1.124140000e-04,9.860998000e-03,9.419301780e-03,9.306719780e-03,4.416962200e-04,341.981343,346.118240,346.118240,2.334080040e-04,1.978240013e-04,1.046421467e-05,column,0,-1.000000000e+00,-1.000000
cuda_warp(blk128)(xcol),double,global,global,16384,16384,6,1,1,1,18,1.709999999e-07,9.768007000e-03,1.340470000e-04,9.902225000e-03,9.440170072e-03,9.305952072e-03,4.620549279e-04,341.225364,346.146794,346.146794,2.313279957e-04,2.188799977e-04,1.184693447e-05,column,0,-1.000000000e+00,-1.000000
cuda_warp(blk128)(xcol),double,global,global,16384,16384,6,1,1,1,19,1.910000003e-07,9.757627000e-03,1.192910000e-04,9.877109000e-03,9.426106413e-03,9.306624413e-03,4.510025875e-04,341.734469,346.121787,346.121787,2.359039932e-04,2.053440064e-04,9.754587795e-06,column,0,-1.000000000e+00,-1.000000
cuda_warp(blk128)(xcol),double,global,global,16384,16384,6,1,1,1,20,1.780000001e-07,9.751356000e-03,1.089090000e-04,9.860443000e-03,9.416255007e-03,9.307168007e-03,4.441879931e-04,342.091996,346.101571,346.101571,2.376639992e-04,1.952960044e-04,1.122798949e-05,column,0,-1.000000000e+00,-1.000000
cuda_warp(blk128)(xcol),double,global,global,16384,16384,8,1,1,1,1,1.649999999e-07,1.492958300e-02,1.534760000e-04,1.508322400e-02,1.448541667e-02,1.433177567e-02,5.978073347e-04,296.502848,299.681449,299.681449,3.106560111e-04,2.761279941e-04,1.102332955e-05,column,0,-1.000000000e+00,-1.000000
cuda_warp(blk128)(xcol),double,global,global,16384,16384,8,1,1,1,2,1.730000001e-07,1.490706700e-02,1.542700000e-04,1.506151000e-02,1.444909880e-02,1.429465580e-02,6.124112001e-04,297.248109,300.459651,300.459651,3.102079928e-04,2.911039889e-04,1.109921846e-05,column,0,-1.000000000e+00,-1.000000
cuda_warp(blk128)(xcol),double,global,global,16384,16384,8,1,1,1,3,1.580000002e-07,1.491268100e-02,1.857050000e-04,1.509854400e-02,1.447936676e-02,1.429350376e-02,6.191772387e-04,296.626736,300.483868,300.483868,3.087359965e-04,2.993279994e-04,1.111324287e-05,column,0,-1.000000000e+00,-1.000000
cuda_warp(blk128)(xcol),double,global,global,16384,16384,8,1,1,1,4,1.360000002e-07,1.492510300e-02,1.762780000e-04,1.510151700e-02,1.447126244e-02,1.429484844e-02,6.302545579e-04,296.792855,300.455602,300.455602,3.120639920e-04,3.063040078e-04,1.188655813e-05,column,0,-1.000000000e+00,-1.000000
cuda_warp(blk128)(xcol),double,global,global,16384,16384,8,1,1,1,5,2.360000000e-07,1.487731000e-02,1.416750000e-04,1.501922100e-02,1.443880698e-02,1.429689598e-02,5.804140192e-04,297.459984,300.412572,300.412572,3.124479949e-04,2.567679882e-04,1.119803601e-05,column,0,-1.000000000e+00,-1.000000
cuda_warp(blk128)(xcol),double,global,global,16384,16384,8,1,1,1,6,1.430000003e-07,1.491916100e-02,1.765280000e-04,1.509583200e-02,1.447075078e-02,1.429407978e-02,6.250812194e-04,296.803349,300.471759,300.471759,3.089919984e-04,3.041599989e-04,1.192922209e-05,column,0,-1.000000000e+00,-1.000000
cuda_warp(blk128)(xcol),double,global,global,16384,16384,8,1,1,1,7,1.470000002e-07,1.452568100e-02,1.457520000e-04,1.467158000e-02,1.406410712e-02,1.391820812e-02,6.074728777e-04,305.384996,308.586224,308.586224,3.110719919e-04,2.859199941e-04,1.048089171e-05,column,0,-1.000000000e+00,-1.000000
cuda_warp(blk128)(xcol),double,global,global,16384,16384,8,1,1,1,8,1.330000003e-07,1.314628300e-02,1.359760000e-04,1.328239200e-02,1.271278060e-02,1.257667160e-02,5.696113997e-04,337.846411,341.502699,341.502699,3.116480112e-04,2.466879934e-04,1.127539504e-05,column,0,-1.000000000e+00,-1.000000
cuda_warp(blk128)(xcol),double,global,global,16384,16384,8,1,1,1,9,1.359999997e-07,1.313123000e-02,1.440300000e-04,1.327539600e-02,1.268973447e-02,1.254556847e-02,5.856615338e-04,338.459982,342.349357,342.349357,3.085120022e-04,2.657600045e-04,1.138952706e-05,column,0,-1.000000000e+00,-1.000000
cuda_warp(blk128)(xcol),double,global,global,16384,16384,8,1,1,1,10,1.330000003e-07,1.314810500e-02,1.629810000e-04,1.331121900e-02,1.270676177e-02,1.254364777e-02,6.044572339e-04,338.006439,342.401778,342.401778,3.116160035e-04,2.813119888e-04,1.152924154e-05,column,0,-1.000000000e+00,-1.000000
cuda_warp(blk128)(xcol),double,global,global,16384,16384,8,1,1,1,11,1.680000001e-07,1.316195000e-02,1.435500000e-04,1.330566800e-02,1.269248604e-02,1.254876804e-02,6.131819565e-04,338.386608,342.262068,342.262068,3.101119995e-04,2.924160063e-04,1.065395064e-05,column,0,-1.000000000e+00,-1.000000
cuda_warp(blk128)(xcol),double,global,global,16384,16384,8,1,1,1,12,1.430000003e-07,1.446594600e-02,1.913830000e-04,1.465747200e-02,1.273427827e-02,1.254275227e-02,1.923193734e-03,337.276068,342.426224,342.426224,3.121599853e-04,1.598495960e-03,1.253778853e-05,column,0,-1.000000000e+00,-1.000000
cuda_warp(blk128)(xcol),double,global,global,16384,16384,8,1,1,1,13,1.699999999e-07,1.311733800e-02,1.646360000e-04,1.328214400e-02,1.267197382e-02,1.250716782e-02,6.101701838e-04,338.934357,343.400469,343.400469,3.120320141e-04,2.857919931e-04,1.234617657e-05,column,0,-1.000000000e+00,-1.000000
cuda_warp(blk128)(xcol),double,global,global,16384,16384,8,1,1,1,14,1.400000000e-07,1.304453500e-02,1.402190000e-04,1.318489400e-02,1.258880718e-02,1.244844818e-02,5.960868188e-04,341.173491,345.020298,345.020298,3.119040132e-04,2.730880082e-04,1.109479753e-05,column,0,-1.000000000e+00,-1.000000
cuda_warp(blk128)(xcol),double,global,global,16384,16384,8,1,1,1,15,1.869999999e-07,1.302920900e-02,1.330340000e-04,1.316243000e-02,1.257786116e-02,1.244464016e-02,5.845688404e-04,341.470401,345.125873,345.125873,3.072640002e-04,2.661119998e-04,1.119284047e-05,column,0,-1.000000000e+00,-1.000000
cuda_warp(blk128)(xcol),double,global,global,16384,16384,8,1,1,1,16,1.369999998e-07,1.304269000e-02,1.536010000e-04,1.319642800e-02,1.259997843e-02,1.244624043e-02,5.964495749e-04,340.871004,345.081498,345.081498,3.088000119e-04,2.771840096e-04,1.046555346e-05,column,0,-1.000000000e+00,-1.000000
cuda_warp(blk128)(xcol),double,global,global,16384,16384,8,1,1,1,17,1.539999999e-07,1.306167800e-02,1.557170000e-04,1.321754900e-02,1.260143908e-02,1.244556808e-02,6.161099153e-04,340.831493,345.100141,345.100141,3.139519989e-04,2.918080091e-04,1.034990719e-05,column,0,-1.000000000e+00,-1.000000
cuda_warp(blk128)(xcol),double,global,global,16384,16384,8,1,1,1,18,1.369999998e-07,1.305834700e-02,1.511560000e-04,1.320964000e-02,1.260063668e-02,1.244934368e-02,6.090033187e-04,340.853197,344.995480,344.995480,3.119040132e-04,2.869760096e-04,1.012329590e-05,column,0,-1.000000000e+00,-1.000000
cuda_warp(blk128)(xcol),double,global,global,16384,16384,8,1,1,1,19,1.390000000e-07,1.328551300e-02,4.186510000e-04,1.370430300e-02,1.286461367e-02,1.244582367e-02,8.396893306e-04,333.859019,345.093054,345.093054,3.093119860e-04,5.173439980e-04,1.303334664e-05,column,0,-1.000000000e+00,-1.000000
cuda_warp(blk128)(xcol),double,global,global,16384,16384,8,1,1,1,20,1.460000001e-07,1.309672700e-02,1.896520000e-04,1.328652500e-02,1.263575042e-02,1.244595242e-02,6.507745845e-04,339.905993,345.089484,345.089484,3.316799998e-04,3.066880107e-04,1.240657401e-05,column,0,-1.000000000e+00,-1.000000
cuda_warp(blk128)(xcol),double,global,global,16384,16384,20,1,1,1,1,5.470000000e-07,3.208242500e-02,4.608780000e-04,3.254385000e-02,3.124180906e-02,3.078038406e-02,1.302040936e-03,343.687468,348.839645,348.839645,6.494399905e-04,6.392639875e-04,1.333695822e-05,column,0,-1.000000000e+00,-1.000000
cuda_warp(blk128)(xcol),double,global,global,16384,16384,20,1,1,1,2,5.170000001e-07,3.207220700e-02,4.345780000e-04,3.250730200e-02,3.121128671e-02,3.077619171e-02,1.296015289e-03,344.023569,348.887164,348.887164,6.446080208e-04,6.370880008e-04,1.431926702e-05,column,0,-1.000000000e+00,-1.000000
cuda_warp(blk128)(xcol),double,global,global,16384,16384,20,1,1,1,3,2.529999996e-07,3.203623900e-02,3.958210000e-04,3.243231300e-02,3.117015428e-02,3.077408028e-02,1.262158724e-03,344.477546,348.911101,348.911101,6.279680133e-04,6.202560067e-04,1.393470351e-05,column,0,-1.000000000e+00,-1.000000
cuda_warp(blk128)(xcol),double,global,global,16384,16384,20,1,1,1,4,2.630000000e-07,3.202960400e-02,4.377390000e-04,3.246760600e-02,3.119173087e-02,3.075372887e-02,1.275875133e-03,344.239256,349.141995,349.141995,6.356800199e-04,6.270080209e-04,1.318709269e-05,column,0,-1.000000000e+00,-1.000000
cuda_warp(blk128)(xcol),double,global,global,16384,16384,20,1,1,1,5,6.209999999e-07,3.283463800e-02,1.914554000e-03,3.474981300e-02,3.267280630e-02,3.075763130e-02,2.077006698e-03,328.634710,349.097697,349.097697,6.274240017e-04,1.432800055e-03,1.678264188e-05,column,0,-1.000000000e+00,-1.000000
cuda_warp(blk128)(xcol),double,global,global,16384,16384,20,1,1,1,6,6.580000003e-07,3.207016900e-02,5.237140000e-04,3.259454100e-02,3.129166784e-02,3.076729584e-02,1.302873163e-03,343.139851,348.988039,348.988039,6.427199841e-04,6.434559822e-04,1.669719633e-05,column,0,-1.000000000e+00,-1.000000
cuda_warp(blk128)(xcol),double,global,global,16384,16384,20,1,1,1,7,3.799999999e-07,3.205730300e-02,5.023790000e-04,3.256006200e-02,3.126381590e-02,3.076105690e-02,1.296246100e-03,343.445543,349.058821,349.058821,6.240320206e-04,6.562880278e-04,1.592605164e-05,column,0,-1.000000000e+00,-1.000000
cuda_warp(blk128)(xcol),double,global,global,16384,16384,20,1,1,1,8,5.999999999e-07,3.203995500e-02,4.838510000e-04,3.252440600e-02,3.124413079e-02,3.075967979e-02,1.280275206e-03,343.661928,349.074448,349.074448,6.367999911e-04,6.309440136e-04,1.253120096e-05,column,0,-1.000000000e+00,-1.000000
cuda_warp(blk128)(xcol),double,global,global,16384,16384,20,1,1,1,9,3.899999999e-07,3.210379400e-02,1.198775000e-03,3.330295900e-02,3.197222103e-02,3.077305603e-02,1.330737970e-03,335.835857,348.922714,348.922714,6.217280030e-04,6.931520104e-04,1.585795626e-05,column,0,-1.000000000e+00,-1.000000
cuda_warp(blk128)(xcol),double,global,global,16384,16384,20,1,1,1,10,2.240000000e-06,3.270711700e-02,5.465520000e-04,3.325590900e-02,3.131477558e-02,3.076598358e-02,1.941133418e-03,342.886642,349.002924,349.002924,1.250815988e-03,6.760320067e-04,1.428542413e-05,column,0,-1.000000000e+00,-1.000000
cuda_warp(blk128)(xcol),double,global,global,16384,16384,20,1,1,1,11,3.889999998e-07,3.206417100e-02,4.824360000e-04,3.254699600e-02,3.124676009e-02,3.076393509e-02,1.300235911e-03,343.633011,349.026164,349.026164,6.424319744e-04,6.444159746e-04,1.338796186e-05,column,0,-1.000000000e+00,-1.000000
cuda_warp(blk128)(xcol),double,global,global,16384,16384,20,1,1,1,12,3.950000003e-07,3.202534800e-02,4.901380000e-04,3.251588100e-02,3.124746049e-02,3.075692749e-02,1.268420510e-03,343.625308,349.105685,349.105685,6.258879900e-04,6.288959980e-04,1.363652177e-05,column,0,-1.000000000e+00,-1.000000
cuda_warp(blk128)(xcol),double,global,global,16384,16384,20,1,1,1,13,4.310000001e-07,3.208253800e-02,5.630690000e-04,3.264603800e-02,3.132407625e-02,3.076057625e-02,1.321961752e-03,342.784833,349.064275,349.064275,6.495040059e-04,6.591359973e-04,1.332174863e-05,column,0,-1.000000000e+00,-1.000000
cuda_warp(blk128)(xcol),double,global,global,16384,16384,20,1,1,1,14,3.259999999e-07,3.207847100e-02,5.457450000e-04,3.262454200e-02,3.130792708e-02,3.076185608e-02,1.316614921e-03,342.961647,349.049752,349.049752,6.361280084e-04,6.665920019e-04,1.389491062e-05,column,0,-1.000000000e+00,-1.000000
cuda_warp(blk128)(xcol),double,global,global,16384,16384,20,1,1,1,15,3.860000000e-07,3.206880500e-02,5.274670000e-04,3.259665800e-02,3.128705214e-02,3.075919914e-02,1.309605858e-03,343.190474,349.079903,349.079903,6.280639768e-04,6.663360000e-04,1.520588081e-05,column,0,-1.000000000e+00,-1.000000
cuda_warp(blk128)(xcol),double,global,global,16384,16384,20,1,1,1,16,3.920000000e-07,3.203441400e-02,4.705070000e-04,3.250531300e-02,3.123192348e-02,3.076102448e-02,1.273389525e-03,343.796252,349.059188,349.059188,6.412479877e-04,6.180800200e-04,1.406151720e-05,column,0,-1.000000000e+00,-1.000000
cuda_warp(blk128)(xcol),double,global,global,16384,16384,20,1,1,1,17,3.330000000e-07,3.208273200e-02,5.575670000e-04,3.264063200e-02,3.132589965e-02,3.076799965e-02,1.314732351e-03,342.764880,348.980056,348.980056,6.246399879e-04,6.751679778e-04,1.492438520e-05,column,0,-1.000000000e+00,-1.000000
cuda_warp(blk128)(xcol),double,global,global,16384,16384,20,1,1,1,18,4.080000000e-07,3.208830700e-02,5.335970000e-04,3.262231200e-02,3.129752429e-02,3.076351929e-02,1.324787713e-03,343.075642,349.030881,349.030881,6.378560066e-04,6.661760211e-04,2.075568517e-05,column,0,-1.000000000e+00,-1.000000
cuda_warp(blk128)(xcol),double,global,global,16384,16384,20,1,1,1,19,4.049999998e-07,3.210838200e-02,5.460700000e-04,3.265485700e-02,3.131165940e-02,3.076518440e-02,1.343197598e-03,342.920766,349.011990,349.011990,6.536319852e-04,6.735039949e-04,1.606161741e-05,column,0,-1.000000000e+00,-1.000000
cuda_warp(blk128)(xcol),double,global,global,16384,16384,20,1,1,1,20,3.739999999e-07,3.209148900e-02,5.431010000e-04,3.263496400e-02,3.130024227e-02,3.075676727e-02,1.334721727e-03,343.045851,349.107504,349.107504,6.240959764e-04,6.946880221e-04,1.593772856e-05,column,0,-1.000000000e+00,-1.000000
cuda_warp(blk128)(xcol),double,global,global,16384,16384,32,1,1,1,1,2.810000002e-07,5.138519900e-02,8.551010000e-04,5.224058100e-02,5.020709327e-02,4.935171127e-02,2.033487727e-03,342.180120,348.110911,348.110911,1.029312015e-03,9.902399778e-04,1.393573439e-05,column,0,-1.000000000e+00,-1.000000
cuda_warp(blk128)(xcol),double,global,global,16384,16384,32,1,1,1,2,2.830000003e-07,5.166596100e-02,1.414101000e-03,5.308034500e-02,5.056942474e-02,4.915504074e-02,2.510920259e-03,339.728389,349.503712,349.503712,1.036831975e-03,1.458047986e-03,1.604029802e-05,column,0,-1.000000000e+00,-1.000000
cuda_warp(blk128)(xcol),double,global,global,16384,16384,32,1,1,1,3,2.339999998e-07,5.119540900e-02,8.771420000e-04,5.207278500e-02,5.002025549e-02,4.914287949e-02,2.052529514e-03,343.458245,349.590202,349.590202,1.037055969e-03,1.000000000e-03,1.547354468e-05,column,0,-1.000000000e+00,-1.000000
cuda_warp(blk128)(xcol),double,global,global,16384,16384,32,1,1,1,4,2.540000001e-07,5.156939800e-02,8.901600000e-04,5.245981200e-02,5.000119662e-02,4.911078262e-02,2.458615377e-03,343.589161,349.818681,349.818681,1.038239956e-03,1.401440024e-03,1.893539643e-05,column,0,-1.000000000e+00,-1.000000
cuda_warp(blk128)(xcol),double,global,global,16384,16384,32,1,1,1,5,1.016000000e-06,5.215738500e-02,8.838900000e-04,5.304229100e-02,4.999722595e-02,4.911231995e-02,3.045065054e-03,343.616448,349.807731,349.807731,2.023711920e-03,1.005663991e-03,1.568914295e-05,column,0,-1.000000000e+00,-1.000000
cuda_warp(blk128)(xcol),double,global,global,16384,16384,32,1,1,1,6,2.170000002e-07,5.118194900e-02,8.836380000e-04,5.206580400e-02,4.999713625e-02,4.911328125e-02,2.068667750e-03,343.617064,349.800884,349.800884,1.038175941e-03,1.015743971e-03,1.474783862e-05,column,0,-1.000000000e+00,-1.000000
cuda_warp(blk128)(xcol),double,global,global,16384,16384,32,1,1,1,7,2.229999998e-07,5.117181400e-02,8.844850000e-04,5.205652200e-02,5.000077016e-02,4.911606216e-02,2.055751836e-03,343.592091,349.781078,349.781078,1.042304039e-03,9.987199903e-04,1.472780644e-05,column,0,-1.000000000e+00,-1.000000
cuda_warp(blk128)(xcol),double,global,global,16384,16384,32,1,1,1,8,2.179999998e-07,5.397795900e-02,9.022560000e-04,5.488043300e-02,5.282391412e-02,5.192144012e-02,2.056518875e-03,325.229008,330.881985,330.881985,1.043679953e-03,9.969599843e-04,1.587893856e-05,column,0,-1.000000000e+00,-1.000000
cuda_warp(blk128)(xcol),double,global,global,16384,16384,32,1,1,1,9,2.960000001e-07,5.116488000e-02,8.781320000e-04,5.204330800e-02,4.999727489e-02,4.911884689e-02,2.046033107e-03,343.616111,349.761248,349.761248,1.042655945e-03,9.877120256e-04,1.566513622e-05,column,0,-1.000000000e+00,-1.000000
cuda_warp(blk128)(xcol),double,global,global,16384,16384,32,1,1,1,10,2.229999998e-07,5.115557100e-02,8.717320000e-04,5.202752600e-02,4.998786076e-02,4.911590576e-02,2.039665238e-03,343.680824,349.782192,349.782192,1.035776019e-03,9.890559912e-04,1.483322801e-05,column,0,-1.000000000e+00,-1.000000
cuda_warp(blk128)(xcol),double,global,global,16384,16384,32,1,1,1,11,1.999999997e-07,5.114664100e-02,8.685640000e-04,5.201540500e-02,4.998114880e-02,4.911238480e-02,2.034256204e-03,343.726977,349.807269,349.807269,1.035007954e-03,9.838079810e-04,1.544026920e-05,column,0,-1.000000000e+00,-1.000000
cuda_warp(blk128)(xcol),double,global,global,16384,16384,32,1,1,1,12,2.029999999e-07,5.115227900e-02,8.672700000e-04,5.201975200e-02,4.998785722e-02,4.912038422e-02,2.031894784e-03,343.680849,349.750301,349.750301,1.029088020e-03,9.886080027e-04,1.419876070e-05,column,0,-1.000000000e+00,-1.000000
cuda_warp(blk128)(xcol),double,global,global,16384,16384,32,1,1,1,13,1.959999998e-07,5.114528300e-02,8.658780000e-04,5.201135700e-02,4.998165933e-02,4.911558533e-02,2.029697673e-03,343.723466,349.784474,349.784474,1.035040021e-03,9.793919921e-04,1.526565982e-05,column,0,-1.000000000e+00,-1.000000
cuda_warp(blk128)(xcol),double,global,global,16384,16384,32,1,1,1,14,4.530000002e-07,5.116474700e-02,8.729580000e-04,5.203815800e-02,4.998697835e-02,4.911356735e-02,2.051179648e-03,343.686891,349.798846,349.798846,1.035231948e-03,1.000543952e-03,1.540374782e-05,column,0,-1.000000000e+00,-1.000000
cuda_warp(blk128)(xcol),double,global,global,16384,16384,32,1,1,1,15,6.560000001e-07,5.119575900e-02,8.643040000e-04,5.206071900e-02,4.997830229e-02,4.911334229e-02,2.082416715e-03,343.746554,349.800449,349.800449,1.037215948e-03,1.024031997e-03,2.116877001e-05,column,0,-1.000000000e+00,-1.000000
cuda_warp(blk128)(xcol),double,global,global,16384,16384,32,1,1,1,16,1.189000000e-06,5.213765700e-02,8.688290000e-04,5.300767500e-02,4.998377990e-02,4.911376190e-02,3.023895098e-03,343.708884,349.797460,349.797460,2.008032084e-03,1.000512004e-03,1.535101073e-05,column,0,-1.000000000e+00,-1.000000
cuda_warp(blk128)(xcol),double,global,global,16384,16384,32,1,1,1,17,2.509999999e-07,5.114819700e-02,8.544270000e-04,5.200287500e-02,4.996741375e-02,4.911273575e-02,2.035461252e-03,343.821461,349.804769,349.804769,1.039263964e-03,9.822080135e-04,1.398927447e-05,column,0,-1.000000000e+00,-1.000000
cuda_warp(blk128)(xcol),double,global,global,16384,16384,32,1,1,1,18,2.329999997e-07,5.114665300e-02,8.659160000e-04,5.201280200e-02,4.998208528e-02,4.911593628e-02,2.030716721e-03,343.720537,349.781975,349.781975,1.029407978e-03,9.876160026e-04,1.369274009e-05,column,0,-1.000000000e+00,-1.000000
cuda_warp(blk128)(xcol),double,global,global,16384,16384,32,1,1,1,19,2.040000000e-07,5.115608200e-02,8.682710000e-04,5.202455700e-02,4.998140148e-02,4.911292648e-02,2.043155517e-03,343.725239,349.803411,349.803411,1.038496017e-03,9.897599816e-04,1.489951776e-05,column,0,-1.000000000e+00,-1.000000
cuda_warp(blk128)(xcol),double,global,global,16384,16384,32,1,1,1,20,2.210000001e-07,5.116137400e-02,8.672020000e-04,5.202879700e-02,4.998556799e-02,4.911814499e-02,2.043229011e-03,343.696588,349.766246,349.766246,1.036991954e-03,9.908480048e-04,1.538905232e-05,column,0,-1.000000000e+00,-1.000000
