kernel,scalar,a_mode,x_mode,M,N,k,P,pr,pc,rep,t_bcast_s,t_local_s,t_reduce_s,t_total_s,t_official_s,t_kernel_s,t_transfer_runtime_overhead_s,gflops,gflops_compute,gflops_kernel
scheme_a,double,local,local,10000,10000,3,1,1,1,1,1.570000000e-07,1.321877280e-01,3.818600000e-05,1.322260710e-01,1.322260710e-01,-1.000000000e+00,-1.000000000e+00,4.537683,4.538999,-1.000000
scheme_a,double,local,local,10000,10000,3,1,1,1,2,1.715000000e-06,1.343722490e-01,3.330400000e-05,1.344072680e-01,1.344072680e-01,-1.000000000e+00,-1.000000000e+00,4.464044,4.465208,-1.000000
scheme_a,double,local,local,10000,10000,3,1,1,1,3,1.319999998e-07,1.343834200e-01,3.698100000e-05,1.344205330e-01,1.344205330e-01,-1.000000000e+00,-1.000000000e+00,4.463604,4.464837,-1.000000
scheme_a,double,local,local,10000,10000,3,1,1,1,4,1.670000001e-07,1.328961720e-01,3.298600000e-05,1.329293250e-01,1.329293250e-01,-1.000000000e+00,-1.000000000e+00,4.513677,4.514803,-1.000000
scheme_a,double,local,local,10000,10000,3,1,1,1,5,2.219999999e-07,1.335406370e-01,3.576800000e-05,1.335766270e-01,1.335766270e-01,-1.000000000e+00,-1.000000000e+00,4.491804,4.493014,-1.000000
scheme_a,double,local,local,10000,10000,3,1,1,1,6,2.360000000e-07,1.316487630e-01,3.134800000e-05,1.316803470e-01,1.316803470e-01,-1.000000000e+00,-1.000000000e+00,4.556489,4.557582,-1.000000
scheme_a,double,local,local,10000,10000,3,1,1,1,7,1.310000000e-07,1.322141020e-01,9.703700000e-05,1.323112700e-01,1.323112700e-01,-1.000000000e+00,-1.000000000e+00,4.534761,4.538094,-1.000000
scheme_a,double,local,local,10000,10000,3,1,1,1,8,1.690000000e-07,1.316754560e-01,3.431800000e-05,1.317099430e-01,1.317099430e-01,-1.000000000e+00,-1.000000000e+00,4.555465,4.556658,-1.000000
scheme_a,double,local,local,10000,10000,3,1,1,1,9,1.740000002e-07,1.314482770e-01,3.267500000e-05,1.314811260e-01,1.314811260e-01,-1.000000000e+00,-1.000000000e+00,4.563393,4.564533,-1.000000
scheme_a,double,local,local,10000,10000,3,1,1,1,10,1.882000000e-06,1.348567250e-01,3.447300000e-05,1.348930800e-01,1.348930800e-01,-1.000000000e+00,-1.000000000e+00,4.447967,4.449166,-1.000000
scheme_a,double,local,local,10000,10000,3,1,1,1,11,1.370000002e-07,1.339078270e-01,3.276100000e-05,1.339407250e-01,1.339407250e-01,-1.000000000e+00,-1.000000000e+00,4.479593,4.480694,-1.000000
scheme_a,double,local,local,10000,10000,3,1,1,1,12,1.279999999e-07,1.345254970e-01,3.511800000e-05,1.345607430e-01,1.345607430e-01,-1.000000000e+00,-1.000000000e+00,4.458953,4.460121,-1.000000
scheme_a,double,local,local,10000,10000,3,1,1,1,13,2.089999995e-07,1.349934870e-01,3.174900000e-05,1.350254450e-01,1.350254450e-01,-1.000000000e+00,-1.000000000e+00,4.443607,4.444659,-1.000000
scheme_a,double,local,local,10000,10000,3,1,1,1,14,1.740000002e-07,1.394425030e-01,3.475000000e-05,1.394774270e-01,1.394774270e-01,-1.000000000e+00,-1.000000000e+00,4.301771,4.302849,-1.000000
scheme_a,double,local,local,10000,10000,3,1,1,1,15,1.720000000e-07,1.344080660e-01,3.470100000e-05,1.344429390e-01,1.344429390e-01,-1.000000000e+00,-1.000000000e+00,4.462860,4.464018,-1.000000
scheme_a,double,local,local,10000,10000,3,1,1,1,16,1.860000003e-07,1.314934830e-01,3.064800000e-05,1.315243170e-01,1.315243170e-01,-1.000000000e+00,-1.000000000e+00,4.561894,4.562964,-1.000000
scheme_a,double,local,local,10000,10000,3,1,1,1,17,1.269999998e-07,1.325457900e-01,3.515400000e-05,1.325810710e-01,1.325810710e-01,-1.000000000e+00,-1.000000000e+00,4.525533,4.526738,-1.000000
scheme_a,double,local,local,10000,10000,3,1,1,1,18,1.792000000e-06,1.340082540e-01,2.915400000e-05,1.340392000e-01,1.340392000e-01,-1.000000000e+00,-1.000000000e+00,4.476302,4.477336,-1.000000
scheme_a,double,local,local,10000,10000,3,1,1,1,19,1.479999998e-07,1.344179900e-01,3.540800000e-05,1.344535460e-01,1.344535460e-01,-1.000000000e+00,-1.000000000e+00,4.462508,4.463688,-1.000000
scheme_a,double,local,local,10000,10000,3,1,1,1,20,2.320000001e-07,1.324769900e-01,3.297100000e-05,1.325101930e-01,1.325101930e-01,-1.000000000e+00,-1.000000000e+00,4.527954,4.529088,-1.000000
scheme_a,double,local,local,10000,10000,6,1,1,1,1,2.459999999e-07,1.412776420e-01,7.119200000e-05,1.413490800e-01,1.413490800e-01,-1.000000000e+00,-1.000000000e+00,8.489620,8.493913,-1.000000
scheme_a,double,local,local,10000,10000,6,1,1,1,2,1.001000000e-06,1.428061780e-01,6.544500000e-05,1.428726240e-01,1.428726240e-01,-1.000000000e+00,-1.000000000e+00,8.399090,8.402998,-1.000000
scheme_a,double,local,local,10000,10000,6,1,1,1,3,1.670000001e-07,1.421129700e-01,6.076900000e-05,1.421739060e-01,1.421739060e-01,-1.000000000e+00,-1.000000000e+00,8.440367,8.443986,-1.000000
scheme_a,double,local,local,10000,10000,6,1,1,1,4,1.480000000e-07,1.413107180e-01,1.840740000e-04,1.414949400e-01,1.414949400e-01,-1.000000000e+00,-1.000000000e+00,8.480869,8.491925,-1.000000
scheme_a,double,local,local,10000,10000,6,1,1,1,5,1.759999999e-07,1.406694670e-01,6.629200000e-05,1.407359350e-01,1.407359350e-01,-1.000000000e+00,-1.000000000e+00,8.526607,8.530636,-1.000000
scheme_a,double,local,local,10000,10000,6,1,1,1,6,3.060000000e-07,1.414459910e-01,1.475800000e-04,1.415938770e-01,1.415938770e-01,-1.000000000e+00,-1.000000000e+00,8.474943,8.483804,-1.000000
scheme_a,double,local,local,10000,10000,6,1,1,1,7,1.450000000e-07,1.413927710e-01,6.487400000e-05,1.414577900e-01,1.414577900e-01,-1.000000000e+00,-1.000000000e+00,8.483096,8.486997,-1.000000
scheme_a,double,local,local,10000,10000,6,1,1,1,8,1.359999999e-07,1.420047110e-01,5.993700000e-05,1.420647840e-01,1.420647840e-01,-1.000000000e+00,-1.000000000e+00,8.446851,8.450424,-1.000000
scheme_a,double,local,local,10000,10000,6,1,1,1,9,1.095000000e-06,1.418596310e-01,5.802400000e-05,1.419187500e-01,1.419187500e-01,-1.000000000e+00,-1.000000000e+00,8.455542,8.459066,-1.000000
scheme_a,double,local,local,10000,10000,6,1,1,1,10,3.000000004e-07,1.405364550e-01,6.134100000e-05,1.405980960e-01,1.405980960e-01,-1.000000000e+00,-1.000000000e+00,8.534966,8.538710,-1.000000
scheme_a,double,local,local,10000,10000,6,1,1,1,11,3.899999999e-07,1.426522420e-01,7.856900000e-05,1.427312010e-01,1.427312010e-01,-1.000000000e+00,-1.000000000e+00,8.407412,8.412065,-1.000000
scheme_a,double,local,local,10000,10000,6,1,1,1,12,1.820000000e-07,1.465991310e-01,6.363600000e-05,1.466629490e-01,1.466629490e-01,-1.000000000e+00,-1.000000000e+00,8.182026,8.185587,-1.000000
scheme_a,double,local,local,10000,10000,6,1,1,1,13,2.240000003e-07,1.452307250e-01,1.851150000e-04,1.454160640e-01,1.454160640e-01,-1.000000000e+00,-1.000000000e+00,8.252183,8.262714,-1.000000
scheme_a,double,local,local,10000,10000,6,1,1,1,14,1.900000002e-07,1.448770530e-01,6.745100000e-05,1.449446940e-01,1.449446940e-01,-1.000000000e+00,-1.000000000e+00,8.279020,8.282885,-1.000000
scheme_a,double,local,local,10000,10000,6,1,1,1,15,1.570000001e-07,1.419052550e-01,5.871400000e-05,1.419641260e-01,1.419641260e-01,-1.000000000e+00,-1.000000000e+00,8.452840,8.456346,-1.000000
scheme_a,double,local,local,10000,10000,6,1,1,1,16,1.919999999e-07,1.422083230e-01,6.565400000e-05,1.422741690e-01,1.422741690e-01,-1.000000000e+00,-1.000000000e+00,8.434419,8.438325,-1.000000
scheme_a,double,local,local,10000,10000,6,1,1,1,17,9.959999998e-07,1.444436450e-01,6.203000000e-05,1.445066710e-01,1.445066710e-01,-1.000000000e+00,-1.000000000e+00,8.304115,8.307738,-1.000000
scheme_a,double,local,local,10000,10000,6,1,1,1,18,1.729999997e-07,1.408843060e-01,6.304500000e-05,1.409475240e-01,1.409475240e-01,-1.000000000e+00,-1.000000000e+00,8.513807,8.517627,-1.000000
scheme_a,double,local,local,10000,10000,6,1,1,1,19,5.010000002e-07,1.415308600e-01,5.806000000e-05,1.415894210e-01,1.415894210e-01,-1.000000000e+00,-1.000000000e+00,8.475209,8.478716,-1.000000
scheme_a,double,local,local,10000,10000,6,1,1,1,20,4.090000001e-07,1.412574110e-01,6.344700000e-05,1.413212670e-01,1.413212670e-01,-1.000000000e+00,-1.000000000e+00,8.491291,8.495130,-1.000000
scheme_a,double,local,local,10000,10000,8,1,1,1,1,1.876000000e-06,1.449560790e-01,9.126400000e-05,1.450492190e-01,1.450492190e-01,-1.000000000e+00,-1.000000000e+00,11.030738,11.037826,-1.000000
scheme_a,double,local,local,10000,10000,8,1,1,1,2,3.689999999e-07,1.441453870e-01,9.045600000e-05,1.442362120e-01,1.442362120e-01,-1.000000000e+00,-1.000000000e+00,11.092915,11.099904,-1.000000
scheme_a,double,local,local,10000,10000,8,1,1,1,3,2.189999999e-07,1.463534200e-01,9.630700000e-05,1.464499460e-01,1.464499460e-01,-1.000000000e+00,-1.000000000e+00,10.925234,10.932440,-1.000000
scheme_a,double,local,local,10000,10000,8,1,1,1,4,2.390000000e-07,1.480331420e-01,2.589360000e-04,1.482923170e-01,1.482923170e-01,-1.000000000e+00,-1.000000000e+00,10.789500,10.808390,-1.000000
scheme_a,double,local,local,10000,10000,8,1,1,1,5,1.540000001e-07,1.447240880e-01,8.971900000e-05,1.448139610e-01,1.448139610e-01,-1.000000000e+00,-1.000000000e+00,11.048658,11.055520,-1.000000
scheme_a,double,local,local,10000,10000,8,1,1,1,6,3.490000000e-07,1.474527820e-01,1.193160000e-04,1.475724470e-01,1.475724470e-01,-1.000000000e+00,-1.000000000e+00,10.842132,10.850931,-1.000000
scheme_a,double,local,local,10000,10000,8,1,1,1,7,3.610000001e-07,1.491778520e-01,9.015100000e-05,1.492683640e-01,1.492683640e-01,-1.000000000e+00,-1.000000000e+00,10.718949,10.725453,-1.000000
scheme_a,double,local,local,10000,10000,8,1,1,1,8,3.620000002e-07,1.478394860e-01,8.455000000e-05,1.479243980e-01,1.479243980e-01,-1.000000000e+00,-1.000000000e+00,10.816336,10.822548,-1.000000
scheme_a,double,local,local,10000,10000,8,1,1,1,9,1.828000000e-06,1.483001060e-01,9.346200000e-05,1.483953960e-01,1.483953960e-01,-1.000000000e+00,-1.000000000e+00,10.782006,10.788934,-1.000000
scheme_a,double,local,local,10000,10000,8,1,1,1,10,1.940000001e-07,1.486892440e-01,9.742900000e-05,1.487868670e-01,1.487868670e-01,-1.000000000e+00,-1.000000000e+00,10.753637,10.760698,-1.000000
scheme_a,double,local,local,10000,10000,8,1,1,1,11,2.139999999e-07,1.496269550e-01,9.281900000e-05,1.497199880e-01,1.497199880e-01,-1.000000000e+00,-1.000000000e+00,10.686616,10.693260,-1.000000
scheme_a,double,local,local,10000,10000,8,1,1,1,12,2.180000003e-07,1.460937690e-01,2.542610000e-04,1.463482480e-01,1.463482480e-01,-1.000000000e+00,-1.000000000e+00,10.932826,10.951870,-1.000000
scheme_a,double,local,local,10000,10000,8,1,1,1,13,2.110000001e-07,1.482182130e-01,9.295000000e-05,1.483113740e-01,1.483113740e-01,-1.000000000e+00,-1.000000000e+00,10.788114,10.794895,-1.000000
scheme_a,double,local,local,10000,10000,8,1,1,1,14,1.640000002e-07,1.465730790e-01,9.390900000e-05,1.466671520e-01,1.466671520e-01,-1.000000000e+00,-1.000000000e+00,10.909055,10.916056,-1.000000
scheme_a,double,local,local,10000,10000,8,1,1,1,15,1.730000001e-07,1.492918030e-01,9.412200000e-05,1.493860980e-01,1.493860980e-01,-1.000000000e+00,-1.000000000e+00,10.710501,10.717266,-1.000000
scheme_a,double,local,local,10000,10000,8,1,1,1,16,1.856000000e-06,1.467473360e-01,9.076000000e-05,1.468399520e-01,1.468399520e-01,-1.000000000e+00,-1.000000000e+00,10.896217,10.903094,-1.000000
scheme_a,double,local,local,10000,10000,8,1,1,1,17,2.250000000e-07,1.473728630e-01,9.545000000e-05,1.474685380e-01,1.474685380e-01,-1.000000000e+00,-1.000000000e+00,10.849772,10.856816,-1.000000
scheme_a,double,local,local,10000,10000,8,1,1,1,18,2.219999997e-07,1.449340640e-01,8.655900000e-05,1.450208450e-01,1.450208450e-01,-1.000000000e+00,-1.000000000e+00,11.032897,11.039503,-1.000000
scheme_a,double,local,local,10000,10000,8,1,1,1,19,2.289999999e-07,1.480578830e-01,8.779400000e-05,1.481459060e-01,1.481459060e-01,-1.000000000e+00,-1.000000000e+00,10.800163,10.806584,-1.000000
scheme_a,double,local,local,10000,10000,8,1,1,1,20,2.370000001e-07,1.462239590e-01,9.537100000e-05,1.463195670e-01,1.463195670e-01,-1.000000000e+00,-1.000000000e+00,10.934969,10.942119,-1.000000
scheme_a,double,local,local,10000,10000,20,1,1,1,1,2.221000000e-06,7.683387390e-01,4.436010000e-04,7.687845610e-01,7.687845610e-01,-1.000000000e+00,-1.000000000e+00,5.203018,5.206037,-1.000000
scheme_a,double,local,local,10000,10000,20,1,1,1,2,6.350000001e-07,7.667914280e-01,7.017170000e-04,7.674937800e-01,7.674937800e-01,-1.000000000e+00,-1.000000000e+00,5.211769,5.216542,-1.000000
scheme_a,double,local,local,10000,10000,20,1,1,1,3,2.009000000e-06,7.712317890e-01,3.090360000e-04,7.715428340e-01,7.715428340e-01,-1.000000000e+00,-1.000000000e+00,5.184417,5.186508,-1.000000
scheme_a,double,local,local,10000,10000,20,1,1,1,4,4.750000002e-07,7.703197710e-01,4.880450000e-04,7.708082910e-01,7.708082910e-01,-1.000000000e+00,-1.000000000e+00,5.189358,5.192649,-1.000000
scheme_a,double,local,local,10000,10000,20,1,1,1,5,2.330000006e-07,7.681327170e-01,3.207250000e-04,7.684536750e-01,7.684536750e-01,-1.000000000e+00,-1.000000000e+00,5.205258,5.207433,-1.000000
scheme_a,double,local,local,10000,10000,20,1,1,1,6,2.419999996e-07,7.661656080e-01,7.047470000e-04,7.668705970e-01,7.668705970e-01,-1.000000000e+00,-1.000000000e+00,5.216004,5.220803,-1.000000
scheme_a,double,local,local,10000,10000,20,1,1,1,7,1.845000000e-06,7.670838260e-01,3.016840000e-04,7.673873550e-01,7.673873550e-01,-1.000000000e+00,-1.000000000e+00,5.212491,5.214554,-1.000000
scheme_a,double,local,local,10000,10000,20,1,1,1,8,2.800000001e-07,7.728374150e-01,5.233610000e-04,7.733610560e-01,7.733610560e-01,-1.000000000e+00,-1.000000000e+00,5.172228,5.175733,-1.000000
scheme_a,double,local,local,10000,10000,20,1,1,1,9,2.409999986e-07,7.685962060e-01,3.110860000e-04,7.689075330e-01,7.689075330e-01,-1.000000000e+00,-1.000000000e+00,5.202186,5.204293,-1.000000
scheme_a,double,local,local,10000,10000,20,1,1,1,10,2.190000004e-07,7.692277380e-01,3.002560000e-04,7.695282130e-01,7.695282130e-01,-1.000000000e+00,-1.000000000e+00,5.197990,5.200020,-1.000000
scheme_a,double,local,local,10000,10000,20,1,1,1,11,2.329999997e-07,7.662809680e-01,7.149170000e-04,7.669961180e-01,7.669961180e-01,-1.000000000e+00,-1.000000000e+00,5.215150,5.220017,-1.000000
scheme_a,double,local,local,10000,10000,20,1,1,1,12,1.901000001e-06,7.673656270e-01,3.056180000e-04,7.676731460e-01,7.676731460e-01,-1.000000000e+00,-1.000000000e+00,5.210551,5.212639,-1.000000
scheme_a,double,local,local,10000,10000,20,1,1,1,13,2.349999999e-07,7.718670790e-01,6.510090000e-04,7.725183230e-01,7.725183230e-01,-1.000000000e+00,-1.000000000e+00,5.177871,5.182239,-1.000000
scheme_a,double,local,local,10000,10000,20,1,1,1,14,2.730000013e-07,7.681377640e-01,3.038830000e-04,7.684419200e-01,7.684419200e-01,-1.000000000e+00,-1.000000000e+00,5.205338,5.207399,-1.000000
scheme_a,double,local,local,10000,10000,20,1,1,1,15,2.930000012e-07,7.688168900e-01,3.045230000e-04,7.691217060e-01,7.691217060e-01,-1.000000000e+00,-1.000000000e+00,5.200737,5.202799,-1.000000
scheme_a,double,local,local,10000,10000,20,1,1,1,16,2.749999997e-07,7.645146280e-01,3.009900000e-04,7.648158930e-01,7.648158930e-01,-1.000000000e+00,-1.000000000e+00,5.230017,5.232078,-1.000000
scheme_a,double,local,local,10000,10000,20,1,1,1,17,3.799999995e-07,7.624582850e-01,3.020810000e-04,7.627607460e-01,7.627607460e-01,-1.000000000e+00,-1.000000000e+00,5.244108,5.246189,-1.000000
scheme_a,double,local,local,10000,10000,20,1,1,1,18,2.629999969e-07,7.662751270e-01,3.005080000e-04,7.665758980e-01,7.665758980e-01,-1.000000000e+00,-1.000000000e+00,5.218009,5.220057,-1.000000
scheme_a,double,local,local,10000,10000,20,1,1,1,19,2.269999975e-07,7.644159030e-01,3.015280000e-04,7.647176580e-01,7.647176580e-01,-1.000000000e+00,-1.000000000e+00,5.230689,5.232754,-1.000000
scheme_a,double,local,local,10000,10000,20,1,1,1,20,3.030000002e-07,7.628421010e-01,2.966750000e-04,7.631390790e-01,7.631390790e-01,-1.000000000e+00,-1.000000000e+00,5.241509,5.243549,-1.000000
scheme_a,double,local,local,10000,10000,32,1,1,1,1,1.558000000e-06,1.307574246e+00,5.279460000e-04,1.308103750e+00,1.308103750e+00,-1.000000000e+00,-1.000000000e+00,4.892578,4.894560,-1.000000
scheme_a,double,local,local,10000,10000,32,1,1,1,2,7.140000005e-07,1.306808016e+00,5.348350000e-04,1.307343565e+00,1.307343565e+00,-1.000000000e+00,-1.000000000e+00,4.895423,4.897429,-1.000000
scheme_a,double,local,local,10000,10000,32,1,1,1,3,1.442000000e-06,1.318555964e+00,1.359912000e-03,1.319917318e+00,1.319917318e+00,-1.000000000e+00,-1.000000000e+00,4.848789,4.853795,-1.000000
scheme_a,double,local,local,10000,10000,32,1,1,1,4,3.960000008e-07,1.306099725e+00,5.207780000e-04,1.306620899e+00,1.306620899e+00,-1.000000000e+00,-1.000000000e+00,4.898131,4.900085,-1.000000
scheme_a,double,local,local,10000,10000,32,1,1,1,5,4.819999990e-07,1.306490967e+00,5.167620000e-04,1.307008211e+00,1.307008211e+00,-1.000000000e+00,-1.000000000e+00,4.896679,4.898618,-1.000000
scheme_a,double,local,local,10000,10000,32,1,1,1,6,1.489000001e-06,1.317964338e+00,1.412259000e-03,1.319378086e+00,1.319378086e+00,-1.000000000e+00,-1.000000000e+00,4.850770,4.855974,-1.000000
scheme_a,double,local,local,10000,10000,32,1,1,1,7,4.229999995e-07,1.308002805e+00,5.247730000e-04,1.308528001e+00,1.308528001e+00,-1.000000000e+00,-1.000000000e+00,4.890992,4.892956,-1.000000
scheme_a,double,local,local,10000,10000,32,1,1,1,8,7.929999999e-07,1.303969434e+00,5.173890000e-04,1.304487616e+00,1.304487616e+00,-1.000000000e+00,-1.000000000e+00,4.906141,4.908091,-1.000000
scheme_a,double,local,local,10000,10000,32,1,1,1,9,4.050000015e-07,1.310255792e+00,5.224200000e-04,1.310778617e+00,1.310778617e+00,-1.000000000e+00,-1.000000000e+00,4.882594,4.884542,-1.000000
scheme_a,double,local,local,10000,10000,32,1,1,1,10,4.610000026e-07,1.310350253e+00,5.122260000e-04,1.310862940e+00,1.310862940e+00,-1.000000000e+00,-1.000000000e+00,4.882280,4.884190,-1.000000
scheme_a,double,local,local,10000,10000,32,1,1,1,11,3.989999975e-07,1.306691723e+00,5.104890000e-04,1.307202611e+00,1.307202611e+00,-1.000000000e+00,-1.000000000e+00,4.895951,4.897865,-1.000000
scheme_a,double,local,local,10000,10000,32,1,1,1,12,3.880000001e-07,1.312245263e+00,5.275040000e-04,1.312773155e+00,1.312773155e+00,-1.000000000e+00,-1.000000000e+00,4.875176,4.877137,-1.000000
scheme_a,double,local,local,10000,10000,32,1,1,1,13,3.209999981e-07,1.306518332e+00,5.255740000e-04,1.307044227e+00,1.307044227e+00,-1.000000000e+00,-1.000000000e+00,4.896544,4.898515,-1.000000
scheme_a,double,local,local,10000,10000,32,1,1,1,14,5.069999993e-07,1.300598596e+00,5.186750000e-04,1.301117778e+00,1.301117778e+00,-1.000000000e+00,-1.000000000e+00,4.918848,4.920811,-1.000000
scheme_a,double,local,local,10000,10000,32,1,1,1,15,3.180000014e-07,1.306746295e+00,5.139410000e-04,1.307260554e+00,1.307260554e+00,-1.000000000e+00,-1.000000000e+00,4.895734,4.897661,-1.000000
scheme_a,double,local,local,10000,10000,32,1,1,1,16,3.910000004e-07,1.301210530e+00,5.156080000e-04,1.301726529e+00,1.301726529e+00,-1.000000000e+00,-1.000000000e+00,4.916547,4.918497,-1.000000
scheme_a,double,local,local,10000,10000,32,1,1,1,17,5.049999992e-07,1.300567146e+00,5.161370000e-04,1.301083788e+00,1.301083788e+00,-1.000000000e+00,-1.000000000e+00,4.918976,4.920930,-1.000000
scheme_a,double,local,local,10000,10000,32,1,1,1,18,3.199999981e-07,1.304320963e+00,5.076370000e-04,1.304828920e+00,1.304828920e+00,-1.000000000e+00,-1.000000000e+00,4.904858,4.906768,-1.000000
scheme_a,double,local,local,10000,10000,32,1,1,1,19,3.300000024e-07,1.300167615e+00,5.278010000e-04,1.300695746e+00,1.300695746e+00,-1.000000000e+00,-1.000000000e+00,4.920444,4.922442,-1.000000
scheme_a,double,local,local,10000,10000,32,1,1,1,20,7.549999985e-07,1.297945936e+00,5.219710000e-04,1.298468662e+00,1.298468662e+00,-1.000000000e+00,-1.000000000e+00,4.928883,4.930868,-1.000000
scheme_a,double,local,local,10000,10000,40,1,1,1,1,1.952000000e-06,1.765631725e+00,6.743810000e-04,1.766308058e+00,1.766308058e+00,-1.000000000e+00,-1.000000000e+00,4.529221,4.530956,-1.000000
scheme_a,double,local,local,10000,10000,40,1,1,1,2,3.470000003e-07,1.763308551e+00,9.507830000e-04,1.764259681e+00,1.764259681e+00,-1.000000000e+00,-1.000000000e+00,4.534480,4.536926,-1.000000
scheme_a,double,local,local,10000,10000,40,1,1,1,3,1.930000000e-06,1.749214765e+00,6.715170000e-04,1.749888212e+00,1.749888212e+00,-1.000000000e+00,-1.000000000e+00,4.571721,4.573481,-1.000000
scheme_a,double,local,local,10000,10000,40,1,1,1,4,2.749999997e-07,1.750995572e+00,6.551860000e-04,1.751651033e+00,1.751651033e+00,-1.000000000e+00,-1.000000000e+00,4.567120,4.568829,-1.000000
scheme_a,double,local,local,10000,10000,40,1,1,1,5,5.969999997e-07,1.746801928e+00,6.581010000e-04,1.747460626e+00,1.747460626e+00,-1.000000000e+00,-1.000000000e+00,4.578072,4.579798,-1.000000
scheme_a,double,local,local,10000,10000,40,1,1,1,6,4.039999979e-07,1.753152896e+00,6.494030000e-04,1.753802703e+00,1.753802703e+00,-1.000000000e+00,-1.000000000e+00,4.561517,4.563207,-1.000000
scheme_a,double,local,local,10000,10000,40,1,1,1,7,3.080000006e-07,1.747047138e+00,6.453270000e-04,1.747692773e+00,1.747692773e+00,-1.000000000e+00,-1.000000000e+00,4.577464,4.579155,-1.000000
scheme_a,double,local,local,10000,10000,40,1,1,1,8,3.379999995e-07,1.759335766e+00,6.557920000e-04,1.759991896e+00,1.759991896e+00,-1.000000000e+00,-1.000000000e+00,4.545475,4.547171,-1.000000
scheme_a,double,local,local,10000,10000,40,1,1,1,9,3.739999990e-07,1.770600444e+00,6.642360000e-04,1.771265054e+00,1.771265054e+00,-1.000000000e+00,-1.000000000e+00,4.516546,4.518241,-1.000000
scheme_a,double,local,local,10000,10000,40,1,1,1,10,3.829999997e-07,1.762269274e+00,6.729560000e-04,1.762942613e+00,1.762942613e+00,-1.000000000e+00,-1.000000000e+00,4.537868,4.539601,-1.000000
scheme_a,double,local,local,10000,10000,40,1,1,1,11,6.249999984e-07,1.767721590e+00,6.625810000e-04,1.768384796e+00,1.768384796e+00,-1.000000000e+00,-1.000000000e+00,4.523902,4.525600,-1.000000
scheme_a,double,local,local,10000,10000,40,1,1,1,12,3.339999992e-07,1.762716036e+00,6.573290000e-04,1.763373699e+00,1.763373699e+00,-1.000000000e+00,-1.000000000e+00,4.536758,4.538451,-1.000000
scheme_a,double,local,local,10000,10000,40,1,1,1,13,4.669999996e-07,1.768760789e+00,6.797370000e-04,1.769440993e+00,1.769440993e+00,-1.000000000e+00,-1.000000000e+00,4.521202,4.522941,-1.000000
scheme_a,double,local,local,10000,10000,40,1,1,1,14,4.120000021e-07,1.763287639e+00,6.531210000e-04,1.763941172e+00,1.763941172e+00,-1.000000000e+00,-1.000000000e+00,4.535299,4.536980,-1.000000
scheme_a,double,local,local,10000,10000,40,1,1,1,15,3.189999944e-07,1.764851892e+00,6.494340000e-04,1.765501645e+00,1.765501645e+00,-1.000000000e+00,-1.000000000e+00,4.531290,4.532958,-1.000000
scheme_a,double,local,local,10000,10000,40,1,1,1,16,3.429999964e-07,1.766153634e+00,6.533330000e-04,1.766807310e+00,1.766807310e+00,-1.000000000e+00,-1.000000000e+00,4.527941,4.529617,-1.000000
scheme_a,double,local,local,10000,10000,40,1,1,1,17,3.649999982e-07,1.754427588e+00,6.433730000e-04,1.755071326e+00,1.755071326e+00,-1.000000000e+00,-1.000000000e+00,4.558219,4.559892,-1.000000
scheme_a,double,local,local,10000,10000,40,1,1,1,18,3.090000007e-07,1.756244185e+00,6.506060000e-04,1.756895100e+00,1.756895100e+00,-1.000000000e+00,-1.000000000e+00,4.553488,4.555175,-1.000000
scheme_a,double,local,local,10000,10000,40,1,1,1,19,3.740000025e-07,1.745478861e+00,6.614120000e-04,1.746140647e+00,1.746140647e+00,-1.000000000e+00,-1.000000000e+00,4.581532,4.583269,-1.000000
scheme_a,double,local,local,10000,10000,40,1,1,1,20,3.440000000e-07,1.751152970e+00,6.525330000e-04,1.751805847e+00,1.751805847e+00,-1.000000000e+00,-1.000000000e+00,4.566716,4.568419,-1.000000
scheme_a,double,local,local,10000,10000,64,1,1,1,1,6.950000007e-07,3.023464909e+00,1.423622000e-03,3.024889226e+00,3.024889226e+00,-1.000000000e+00,-1.000000000e+00,4.231560,4.233553,-1.000000
scheme_a,double,local,local,10000,10000,64,1,1,1,2,2.148000000e-06,3.017976907e+00,1.057188000e-03,3.019036243e+00,3.019036243e+00,-1.000000000e+00,-1.000000000e+00,4.239764,4.241252,-1.000000
scheme_a,double,local,local,10000,10000,64,1,1,1,3,7.919999980e-07,3.018767996e+00,1.503887000e-03,3.020272675e+00,3.020272675e+00,-1.000000000e+00,-1.000000000e+00,4.238028,4.240140,-1.000000
scheme_a,double,local,local,10000,10000,64,1,1,1,4,2.082999998e-06,3.040684159e+00,1.043970000e-03,3.041730212e+00,3.041730212e+00,-1.000000000e+00,-1.000000000e+00,4.208131,4.209579,-1.000000
scheme_a,double,local,local,10000,10000,64,1,1,1,5,4.010000012e-07,3.038714372e+00,1.062298000e-03,3.039777071e+00,3.039777071e+00,-1.000000000e+00,-1.000000000e+00,4.210835,4.212308,-1.000000
scheme_a,double,local,local,10000,10000,64,1,1,1,6,3.640000017e-07,3.036231493e+00,1.473282000e-03,3.037705139e+00,3.037705139e+00,-1.000000000e+00,-1.000000000e+00,4.213707,4.215752,-1.000000
scheme_a,double,local,local,10000,10000,64,1,1,1,7,2.110000004e-06,3.040533757e+00,1.051087000e-03,3.041586954e+00,3.041586954e+00,-1.000000000e+00,-1.000000000e+00,4.208329,4.209787,-1.000000
scheme_a,double,local,local,10000,10000,64,1,1,1,8,3.600000014e-07,3.044174779e+00,1.058747000e-03,3.045233886e+00,3.045233886e+00,-1.000000000e+00,-1.000000000e+00,4.203290,4.204752,-1.000000
scheme_a,double,local,local,10000,10000,64,1,1,1,9,3.600000014e-07,3.037249594e+00,1.045878000e-03,3.038295832e+00,3.038295832e+00,-1.000000000e+00,-1.000000000e+00,4.212888,4.214339,-1.000000
scheme_a,double,local,local,10000,10000,64,1,1,1,10,3.250000020e-07,3.017338433e+00,1.055466000e-03,3.018394224e+00,3.018394224e+00,-1.000000000e+00,-1.000000000e+00,4.240665,4.242149,-1.000000
scheme_a,double,local,local,10000,10000,64,1,1,1,11,3.550000045e-07,3.015747192e+00,1.043838000e-03,3.016791385e+00,3.016791385e+00,-1.000000000e+00,-1.000000000e+00,4.242919,4.244388,-1.000000
scheme_a,double,local,local,10000,10000,64,1,1,1,12,4.569999987e-07,3.019108864e+00,1.044665000e-03,3.020153986e+00,3.020153986e+00,-1.000000000e+00,-1.000000000e+00,4.238194,4.239662,-1.000000
scheme_a,double,local,local,10000,10000,64,1,1,1,13,3.520000007e-07,3.044083139e+00,1.046123000e-03,3.045129614e+00,3.045129614e+00,-1.000000000e+00,-1.000000000e+00,4.203434,4.204879,-1.000000
scheme_a,double,local,local,10000,10000,64,1,1,1,14,3.450000037e-07,3.039501181e+00,1.049757000e-03,3.040551283e+00,3.040551283e+00,-1.000000000e+00,-1.000000000e+00,4.209763,4.211217,-1.000000
scheme_a,double,local,local,10000,10000,64,1,1,1,15,3.379999995e-07,3.037960830e+00,1.061222000e-03,3.039022390e+00,3.039022390e+00,-1.000000000e+00,-1.000000000e+00,4.211881,4.213353,-1.000000
scheme_a,double,local,local,10000,10000,64,1,1,1,16,3.970000009e-07,3.043405592e+00,1.055047000e-03,3.044461036e+00,3.044461036e+00,-1.000000000e+00,-1.000000000e+00,4.204357,4.205815,-1.000000
scheme_a,double,local,local,10000,10000,64,1,1,1,17,3.550000045e-07,3.042499214e+00,1.068896000e-03,3.043568465e+00,3.043568465e+00,-1.000000000e+00,-1.000000000e+00,4.205590,4.207068,-1.000000
scheme_a,double,local,local,10000,10000,64,1,1,1,18,3.669999984e-07,3.039617597e+00,1.032641000e-03,3.040650605e+00,3.040650605e+00,-1.000000000e+00,-1.000000000e+00,4.209625,4.211056,-1.000000
scheme_a,double,local,local,10000,10000,64,1,1,1,19,3.629999981e-07,3.031481897e+00,1.060550000e-03,3.032542810e+00,3.032542810e+00,-1.000000000e+00,-1.000000000e+00,4.220880,4.222357,-1.000000
scheme_a,double,local,local,10000,10000,64,1,1,1,20,4.780000040e-07,3.012899877e+00,1.497722000e-03,3.014398077e+00,3.014398077e+00,-1.000000000e+00,-1.000000000e+00,4.246287,4.248399,-1.000000
